planet_name,planet_status,orbital_period,semi_major_axis,star_name,mag_v,star_teff,star_distance,luminosity
82 Eri f,Candidate,331.41,0.875,82 Eri,4.26,5490,6.06,0.620790766
82 Eri g,Candidate,11.86,0.095,82 Eri,4.26,5490,6.06,0.620790766
82 Eri h,Candidate,3286.203561,6,82 Eri,4.26,5490,6.06,0.620790766
AS 209 b,Candidate,3286.203561,200,AS 209,11.3,5688.237937,12.124,0.0037957
AS 209 c,Candidate,3286.203561,100,AS 209,11.3,5688.237937,12.124,0.0037957
Barnard's star c,Candidate,4.1243,0.0274,Barnard's star,9.5,3195,1.82823,0.000452962
Barnard's Star c,Candidate,3286.203561,5.5,Barnard's star,9.5,3195,1.82823,0.000452962
Barnard's star d,Candidate,2.3407,0.0188,Barnard's star,9.5,3195,1.82823,0.000452962
Barnard's star e,Candidate,6.7377,0.0381,Barnard's star,9.5,3195,1.82823,0.000452962
CS Cha b,Candidate,3286.203561,210,CS Cha,11.7,5688.237937,149,0.396618106
CS Cha c,Candidate,3286.203561,3.65,CS Cha,11.7,5688.237937,149,0.396618106
delta Pav b,Candidate,13505,11.1,delta Pav,3.55,5590.39,6.094,1.207271365
delta Pav c,Candidate,57,0.289,delta Pav,3.55,5590.39,6.094,1.207271365
Elias 2-24 c,Candidate,32646.6,20,Elias 2-24,14.4,4483,139,0.028709763
Elias 2-24 d,Candidate,296190,87,Elias 2-24,14.4,4483,139,0.028709763
EPIC 211537087.02,Candidate,42.3822512,0.2688,K2-356,13.297,5568,355.54,0.518772488
EPIC 211537087.03,Candidate,3286.203561,16.13423714,K2-356,13.297,5568,355.54,0.518772488
EPIC 211939692.01,Candidate,26.8549,16.13423714,EPIC 211939692,12,6417,302.4853135,1.239962601
EPIC 211939692.02,Candidate,39.553,16.13423714,EPIC 211939692,12,6417,302.4853135,1.239962601
EPIC 211939692.03,Candidate,230,16.13423714,EPIC 211939692,12,6417,302.4853135,1.239962601
EPIC 211939692.04,Candidate,293,16.13423714,EPIC 211939692,12,6417,302.4853135,1.239962601
eps Crv b,Candidate,31.50675256,0.305,eps Crv,2.98,4314,302.4853135,5028.154184
eps Crv c,Candidate,2.29170595,0.053,eps Crv,2.98,4314,302.4853135,5028.154184
EX Dra AB b,Candidate,3286.203561,9.83,EX Dra AB,9.885491525,5688.237937,302.4853135,8.693846668
EX Dra AB c,Candidate,3286.203561,3.18,EX Dra AB,9.885491525,5688.237937,302.4853135,8.693846668
Exocomet beta Pic 1,Candidate,3286.203561,16.13423714,beta Pic,3.86,8052,19.3,9.101534466
Exocomet beta Pic 2,Candidate,3286.203561,5.5,beta Pic,3.86,8052,19.3,9.101534466
Exocomet KIC 3542116 1,Candidate,3286.203561,1,KIC 3542116,9.885491525,6925,227.7,4.926397499
Exocomet KIC 3542116 2,Candidate,3286.203561,1,KIC 3542116,9.885491525,6925,227.7,4.926397499
Exocomet KIC 3542116 3,Candidate,3286.203561,1,KIC 3542116,9.885491525,6925,227.7,4.926397499
Exocomet KIC 3542116 4,Candidate,3286.203561,0.6,KIC 3542116,9.885491525,6925,227.7,4.926397499
Exocomet KIC 3542116 5,Candidate,3286.203561,0.6,KIC 3542116,9.885491525,6925,227.7,4.926397499
Exocomet KIC 3542116 6,Candidate,3286.203561,5.5,KIC 3542116,9.885491525,6925,227.7,4.926397499
Exocomet KIC 3542116 7,Candidate,3286.203561,5.5,KIC 3542116,9.885491525,6925,227.7,4.926397499
Exocomet KIC 3542116 8,Candidate,3286.203561,0.6,KIC 3542116,9.885491525,6925,227.7,4.926397499
Exomoon HIP 41378 f-i,Candidate,3286.203561,16.13423714,HIP 41378,8.9,6199,116,3.168954316
GG Tau Ac,Candidate,3286.203561,290,GG Tau A,13.4,4060,150,0.083981286
GG Tau Ad,Candidate,3286.203561,450,GG Tau A,13.4,4060,150,0.083981286
GG Tau Ae,Candidate,3286.203561,600,GG Tau A,13.4,4060,150,0.083981286
GJ 620 b,Candidate,7.652,0.063,GJ 620,10,5688.237937,16.54,0.023392197
GJ 620 c,Candidate,27.219,0.148,GJ 620,10,5688.237937,16.54,0.023392197
GJ 667 Cd,Candidate,91.61,0.276,GJ 667 C,10.22,3600,6.84,0.003266722
GJ 667 Ch,Candidate,16.946,0.0893,GJ 667 C,10.22,3600,6.84,0.003266722
GJ 739 b,Candidate,45.323,0.21,GJ 739,11,5688.237937,14.15,0.006815738
GJ 739 c,Candidate,266.489,0.687,GJ 739,11,5688.237937,14.15,0.006815738
GJ 739 d,Candidate,138.73,16.13423714,GJ 739,11,5688.237937,14.15,0.006815738
GM Aur b,Candidate,3286.203561,2.5,GM Aur,12.24,4287,155,0.261013756
GM Aur c,Candidate,3286.203561,18,GM Aur,12.24,4287,155,0.261013756
GM Aur d,Candidate,3286.203561,62,GM Aur,12.24,4287,155,0.261013756
GM Aur e,Candidate,8.745,0.082,GM Aur,12.24,4287,155,0.261013756
GY 11 d,Candidate,3286.203561,69,GY 91,9.885491525,3300,137,1.783382596
GY 91 b,Candidate,3286.203561,7,GY 91,9.885491525,3300,137,1.783382596
GY 91 c,Candidate,3286.203561,40,GY 91,9.885491525,3300,137,1.783382596
HD 100546 c,Candidate,3286.203561,13,HD 100546,6.7,11000,110,21.61649966
HD 100546 d,Candidate,3286.203561,7.8,HD 100546,6.7,11000,110,21.61649966
HD 100546 e,Candidate,3286.203561,20.5,HD 100546,6.7,11000,110,21.61649966
HD 100546 f,Candidate,3286.203561,15,HD 100546,6.7,11000,110,21.61649966
HD 100546 g,Candidate,3286.203561,110,HD 100546,6.7,11000,110,21.61649966
HD 10180 b,Candidate,1.17768,0.02225,HD 10180,7.33,5911,39.4,1.55236
HD 10180 i,Candidate,9.655,0.0904,HD 10180,7.33,5911,39.4,1.55236
HD 10180 j,Candidate,67.55,0.33,HD 10180,7.33,5911,39.4,1.55236
HD 1461 d,Candidate,5000,5,HD 1461,6.64,5765,23.4,1.033788543
HD 1461 e,Candidate,454,1.165,HD 1461,6.64,5765,23.4,1.033788543
HD 163296 b,Candidate,3286.203561,46,HD 163296,6.85,5688.237937,122,23.15899246
HD 163296 c,Candidate,3286.203561,54,HD 163296,6.85,5688.237937,122,23.15899246
HD 163296 d,Candidate,3286.203561,84.5,HD 163296,6.85,5688.237937,122,23.15899246
HD 163296 e,Candidate,3286.203561,137,HD 163296,6.85,5688.237937,122,23.15899246
HD 30177 Ad,Candidate,20.427938,0.1493,HD 30177 A,8.41,5580,54.7,1.106559198
HD 30177 Ae,Candidate,59.992133,0.30618,HD 30177 A,8.41,5580,54.7,1.106559198
HD 4917 c,Candidate,821,16.13423714,HD 4917,8.04,4802,134.4,9.392874884
HD 4917 d,Candidate,1093,16.13423714,HD 4917,8.04,4802,134.4,9.392874884
HIP 14342 b,Candidate,3286.203561,16.13423714,HIP 14342,8.66,5688.237937,88.9,2.321686211
HIP 14342 c,Candidate,3286.203561,16.13423714,HIP 14342,8.66,5688.237937,88.9,2.321686211
HIP 27629 b,Candidate,414.0385809,1.087,HIP 27629,5.58,4945,117.514,69.21165248
HIP 27629 c,Candidate,99.38413453,0.42,HIP 27629,5.58,4945,117.514,69.21165248
HIP 41378 g,Candidate,62.06,0.3227,HIP 41378,8.9,6199,116,3.168954316
HIP 96516  b,Candidate,100.7901318,0.424,HIP 96516,5.66,4890,177.583,146.8259356
HIP 96516  c,Candidate,206.1564339,0.683,HIP 96516,5.66,4890,177.583,146.8259356
HL Tau b,Candidate,3286.203561,13.2,HL Tau,14.49,4000,140,0.026807485
HL Tau c,Candidate,3286.203561,32.3,HL Tau,14.49,4000,140,0.026807485
HL Tau d,Candidate,3286.203561,73.7,HL Tau,14.49,4000,140,0.026807485
HU Aqr (AB) b,Candidate,3278,4.29,HU Aqr (AB),15,5688.237937,302.4853135,0.078236351
HU Aqr (AB) c,Candidate,5646,6.18,HU Aqr (AB),15,5688.237937,302.4853135,0.078236351
IRS 63 b,Candidate,3286.203561,19,IRS 63,9.885491525,5688.237937,144,1.970281929
IRS 63 c,Candidate,3286.203561,37,IRS 63,9.885491525,5688.237937,144,1.970281929
J0337 b,Candidate,142356,60,J0337,11.29,7800,303,2.392683513
J0337 c,Candidate,262497,90,J0337,11.29,7800,303,2.392683513
J0337 d,Candidate,3286.203561,120,J0337,11.29,7800,303,2.392683513
K00005.01,Candidate,4.780327766,0.0577,2MASS J19185753+4438507,9.885491525,5753,302.4853135,8.693846668
K00005.02,Candidate,7.05185637,16.13423714,2MASS J19185753+4438507,9.885491525,5753,302.4853135,8.693846668
K00521.02,Candidate,10.8204488,0.0958,Kepler-1989 A,14.29,5953,1252.13,2.578094557
K00732.02,Candidate,3.29534933,0.044,2MASS J19131869+4722537,9.885491525,5546,302.4853135,8.693846668
K00732.03,Candidate,5.25448795,0.06,2MASS J19131869+4722537,9.885491525,5546,302.4853135,8.693846668
K00841.03,Candidate,6.54626058,0.0681,2MASS J19285682+4105091,9.885491525,5325,302.4853135,8.693846668
K00841.04,Candidate,269.294246,0.8116,2MASS J19285682+4105091,9.885491525,5325,302.4853135,8.693846668
K01082.01,Candidate,6.50323791,0.0654,2MASS J19283467+4709264,9.885491525,5258,302.4853135,8.693846668
K01082.02,Candidate,4.09666758,0.048,2MASS J19283467+4709264,9.885491525,5258,302.4853135,8.693846668
K01082.04,Candidate,9.6550435,0.0851,2MASS J19283467+4709264,9.885491525,5258,302.4853135,8.693846668
K01239.01,Candidate,0.783276166,0.0173,2MASS J19284286+4200212,9.885491525,6108,302.4853135,8.693846668
K01239.02,Candidate,3.17405968,0.0441,2MASS J19284286+4200212,9.885491525,6108,302.4853135,8.693846668
K01271.01,Candidate,162.0540766,0.6201,2MASS J19370371+4447394,9.885491525,6628,302.4853135,8.693846668
K01271.02,Candidate,3286.203561,16.13423714,2MASS J19370371+4447394,9.885491525,6628,302.4853135,8.693846668
K01445.02,Candidate,54.325574,0.2997,2MASS J18554483+4906371,9.885491525,6343,302.4853135,8.693846668
K01445.03,Candidate,20.01959599,16.13423714,2MASS J18554483+4906371,9.885491525,6343,302.4853135,8.693846668
K01499.02,Candidate,0.840591182,0.0161,2MASS J19505382+4331387,9.885491525,5440,302.4853135,8.693846668
K01499.03,Candidate,6.20925415,0.061,2MASS J19505382+4331387,9.885491525,5440,302.4853135,8.693846668
K01590.01,Candidate,12.89010472,0.0973,Kepler-1756,9.885491525,4915,756.88,54.43239566
K01590.03,Candidate,4.74664825,0.05,Kepler-1756,9.885491525,4915,756.88,54.43239566
K01681.01,Candidate,6.93911381,0.0532,Kepler-1984 A,16.19,3638,203.05,0.011781646
K01681.03,Candidate,3.53106745,0.0339,Kepler-1984 A,16.19,3638,203.05,0.011781646
K01681.04,Candidate,21.9140546,0.1092,Kepler-1984 A,16.19,3638,203.05,0.011781646
K01860.03,Candidate,3.076452083,0.0414,2MASS J19261367+3913382,9.885491525,5977,302.4853135,8.693846668
K01860.04,Candidate,24.8435099,0.1667,2MASS J19261367+3913382,9.885491525,5977,302.4853135,8.693846668
K01884.01,Candidate,23.11844759,0.1437,2MASS J19433657+3955060,9.885491525,5275,302.4853135,8.693846668
K01884.02,Candidate,4.77502001,0.0502,2MASS J19433657+3955060,9.885491525,5275,302.4853135,8.693846668
K02037.02,Candidate,5.47715929,0.0576,Kepler-1995,15.51,4693,595.331,0.189459765
K02037.03,Candidate,8.56266484,0.0776,Kepler-1995,15.51,4693,595.331,0.189459765
K02093.01,Candidate,6.78341538,0.0732,2MASS J19314900+4156052,9.885491525,6487,302.4853135,8.693846668
K02093.02,Candidate,2.5081152,0.0377,2MASS J19314900+4156052,9.885491525,6487,302.4853135,8.693846668
K02093.03,Candidate,0.992140132,0.0203,2MASS J19314900+4156052,9.885491525,6487,302.4853135,8.693846668
K02220.04,Candidate,7.66464553,0.0733,2MASS J19363310+4222138,9.885491525,5975,302.4853135,8.693846668
K02220.05,Candidate,11.9294568,0.0984,2MASS J19363310+4222138,9.885491525,5975,302.4853135,8.693846668
K02248.02,Candidate,9.4907638,0.082,Kepler-1813 A,15.682,5167,809.32,0.298841251
K02248.04,Candidate,2.64622695,0.035,Kepler-1813 A,15.682,5167,809.32,0.298841251
K02311.01,Candidate,191.864193,16.13423714,2MASS J19085788+3919579,9.885491525,5688.237937,302.4853135,8.693846668
K02311.02,Candidate,13.72549689,16.13423714,2MASS J19085788+3919579,9.885491525,5688.237937,302.4853135,8.693846668
K02357.01,Candidate,2.42087351,0.0349,2MASS J19324890+4303252,9.885491525,5982,302.4853135,8.693846668
K02357.02,Candidate,15.9042292,0.1224,2MASS J19324890+4303252,9.885491525,5982,302.4853135,8.693846668
K02369.02,Candidate,6.3143447,0.068,2MASS J19025298+4051250,9.885491525,6075,302.4853135,8.693846668
K02369.03,Candidate,7.227407,0.0744,2MASS J19025298+4051250,9.885491525,6075,302.4853135,8.693846668
K02410.01,Candidate,186.6543548,16.13423714,2MASS J19025831+4451281,9.885491525,5688.237937,302.4853135,8.693846668
K02410.02,Candidate,86.59322294,16.13423714,2MASS J19025831+4451281,9.885491525,5688.237937,302.4853135,8.693846668
K02421.01,Candidate,2.27049088,0.0275,2MASS J19534063+4504172,9.885491525,4671,302.4853135,8.693846668
K02421.02,Candidate,4.02320508,0.0402,2MASS J19534063+4504172,9.885491525,4671,302.4853135,8.693846668
K02449.01,Candidate,53.3572551,0.2806,2MASS J19261212+5049322,9.885491525,5893,302.4853135,8.693846668
K02449.02,Candidate,0.912340414,0.0186,2MASS J19261212+5049322,9.885491525,5893,302.4853135,8.693846668
K02554.01,Candidate,39.7559367,0.1829,2MASS J19293114+4738406,9.885491525,4401,302.4853135,8.693846668
K02554.02,Candidate,10.27130881,0.0742,2MASS J19293114+4738406,9.885491525,4401,302.4853135,8.693846668
K02610.01,Candidate,24.1071656,0.1872,2MASS J19282240+3736485,9.885491525,6585,302.4853135,8.693846668
K02610.02,Candidate,115.229503,0.5311,2MASS J19282240+3736485,9.885491525,6585,302.4853135,8.693846668
K02639.01,Candidate,25.1080579,0.1707,2MASS J19012764+4912056,9.885491525,6133,302.4853135,8.693846668
K02639.02,Candidate,2.121023807,0.0329,2MASS J19012764+4912056,9.885491525,6133,302.4853135,8.693846668
K02696.01,Candidate,96.4561033,0.4615,2MASS J18573982+4839288,9.885491525,7030,302.4853135,8.693846668
K02696.02,Candidate,44.5645251,0.2758,2MASS J18573982+4839288,9.885491525,7030,302.4853135,8.693846668
K02840.01,Candidate,3.67934645,0.043,2MASS J19532486+4149122,9.885491525,5676,302.4853135,8.693846668
K02840.02,Candidate,7.446473,0.0688,2MASS J19532486+4149122,9.885491525,5676,302.4853135,8.693846668
K02859.03,Candidate,4.28884513,0.0455,2MASS J19151953+4733071,9.885491525,5374,302.4853135,8.693846668
K02859.04,Candidate,2.90513091,0.0351,2MASS J19151953+4733071,9.885491525,5374,302.4853135,8.693846668
K02859.05,Candidate,5.43099314,0.0532,2MASS J19151953+4733071,9.885491525,5374,302.4853135,8.693846668
K02949.01,Candidate,10.1749173,0.0974,2MASS J19033018+4119567,9.885491525,6197,302.4853135,8.693846668
K02949.02,Candidate,3.75032103,0.0501,2MASS J19033018+4119567,9.885491525,6197,302.4853135,8.693846668
K02971.01,Candidate,6.0960013,0.0663,2MASS J19493448+3949445,9.885491525,6234,302.4853135,8.693846668
K02971.02,Candidate,31.9536205,0.2001,2MASS J19493448+3949445,9.885491525,6234,302.4853135,8.693846668
K03029.01,Candidate,18.9762163,0.133,2MASS J19550200+4109355,9.885491525,5472,302.4853135,8.693846668
K03029.02,Candidate,6.34728429,0.0641,2MASS J19550200+4109355,9.885491525,5472,302.4853135,8.693846668
K03043.01,Candidate,3.08941419,0.0408,2MASS J19334338+4641315,9.885491525,5959,302.4853135,8.693846668
K03043.02,Candidate,7.2929891,0.0723,2MASS J19334338+4641315,9.885491525,5959,302.4853135,8.693846668
K03068.01,Candidate,3.91679363,0.0442,2MASS J19210246+3821179,9.885491525,4886,302.4853135,8.693846668
K03068.02,Candidate,6.65169435,0.0629,2MASS J19210246+3821179,9.885491525,4886,302.4853135,8.693846668
K03083.01,Candidate,10.18316272,0.0929,2MASS J19115492+4240456,9.885491525,5942,302.4853135,8.693846668
K03083.02,Candidate,6.23219191,0.067,2MASS J19115492+4240456,9.885491525,5942,302.4853135,8.693846668
K03083.03,Candidate,8.2942479,0.081,2MASS J19115492+4240456,9.885491525,5942,302.4853135,8.693846668
K03111.01,Candidate,10.76798991,0.1016,2MASS J19541844+4437178,9.885491525,6070,302.4853135,8.693846668
K03111.02,Candidate,4.32849536,0.0553,2MASS J19541844+4437178,9.885491525,6070,302.4853135,8.693846668
K03196.01,Candidate,4.96064303,0.0607,2MASS J18532411+4520208,9.885491525,6422,302.4853135,8.693846668
K03196.02,Candidate,6.88298548,0.0755,2MASS J18532411+4520208,9.885491525,6422,302.4853135,8.693846668
K03283.02,Candidate,20.5719613,0.1353,2MASS J19042138+4522084,9.885491525,4944,302.4853135,8.693846668
K03283.03,Candidate,87.707513,0.3558,2MASS J19042138+4522084,9.885491525,4944,302.4853135,8.693846668
K03340.01,Candidate,8.9539813,0.0823,2MASS J19060244+3837059,9.885491525,6168,302.4853135,8.693846668
K03340.02,Candidate,13.7280953,0.1094,2MASS J19060244+3837059,9.885491525,6168,302.4853135,8.693846668
K03341.01,Candidate,27.0968975,0.1832,2MASS J19285514+4048322,9.885491525,6202,302.4853135,8.693846668
K03341.02,Candidate,11.5474155,0.1038,2MASS J19285514+4048322,9.885491525,6202,302.4853135,8.693846668
K03344.01,Candidate,11.6044694,0.0929,2MASS J19183957+5001121,9.885491525,5881,302.4853135,8.693846668
K03344.03,Candidate,208.55037,0.6377,2MASS J19183957+5001121,9.885491525,5881,302.4853135,8.693846668
K03395.01,Candidate,10.0051616,0.0873,2MASS J19060969+3819573,9.885491525,5912,302.4853135,8.693846668
K03395.02,Candidate,5.0395851,0.0552,2MASS J19060969+3819573,9.885491525,5912,302.4853135,8.693846668
K03398.02,Candidate,35.8022845,0.2152,2MASS J19415954+3838402,9.885491525,6444,302.4853135,8.693846668
K03398.03,Candidate,4.32708542,0.0526,2MASS J19415954+3838402,9.885491525,6444,302.4853135,8.693846668
K03401.01,Candidate,17.9558884,0.1308,2MASS J19495481+4648567,9.885491525,5896,302.4853135,8.693846668
K03401.02,Candidate,326.6708,0.9045,2MASS J19495481+4648567,9.885491525,5896,302.4853135,8.693846668
K03420.01,Candidate,5.7745081,0.0646,2MASS J19360367+4249277,9.885491525,6063,302.4853135,8.693846668
K03420.02,Candidate,12.5015232,0.1082,2MASS J19360367+4249277,9.885491525,6063,302.4853135,8.693846668
K03444.01,Candidate,12.67140393,0.0899,2MASS J19494301+4033428,9.885491525,3842,302.4853135,8.693846668
K03444.02,Candidate,60.32665084,0.2543,2MASS J19494301+4033428,9.885491525,3842,302.4853135,8.693846668
K03444.03,Candidate,2.63597899,0.0315,2MASS J19494301+4033428,9.885491525,3842,302.4853135,8.693846668
K03444.04,Candidate,14.15020327,0.0967,2MASS J19494301+4033428,9.885491525,3842,302.4853135,8.693846668
K03462.01,Candidate,12.4327236,0.1054,2MASS J19504847+4649239,9.885491525,5896,302.4853135,8.693846668
K03462.02,Candidate,30.9904663,0.1938,2MASS J19504847+4649239,9.885491525,5896,302.4853135,8.693846668
K03741.02,Candidate,18.577356,0.1402,2MASS J20011977+4459100,9.885491525,6432,302.4853135,8.693846668
K03741.04,Candidate,9.630953,0.0905,2MASS J20011977+4459100,9.885491525,6432,302.4853135,8.693846668
K04021.01,Candidate,7.23532906,0.0841,2MASS J19360824+5022179,9.885491525,7232,302.4853135,8.693846668
K04021.02,Candidate,4.93209467,0.0651,2MASS J19360824+5022179,9.885491525,7232,302.4853135,8.693846668
K04084.02,Candidate,10.72900793,0.0944,2MASS J19041258+3905457,9.885491525,5375,302.4853135,8.693846668
K04084.03,Candidate,8.1961838,0.0789,2MASS J19041258+3905457,9.885491525,5375,302.4853135,8.693846668
K04136.01,Candidate,2.41749255,0.0346,2MASS J18471756+4248402,9.885491525,5770,302.4853135,8.693846668
K04136.02,Candidate,4.03358484,0.0487,2MASS J18471756+4248402,9.885491525,5770,302.4853135,8.693846668
K04149.01,Candidate,9.54698999,0.0953,2MASS J19475090+4815230,9.885491525,6271,302.4853135,8.693846668
K04149.02,Candidate,14.7087355,0.1271,2MASS J19475090+4815230,9.885491525,6271,302.4853135,8.693846668
K04287.01,Candidate,13.12307232,0.1155,2MASS J19214999+4839409,9.885491525,6344,302.4853135,8.693846668
K04287.02,Candidate,9.6184,0.0939,2MASS J19214999+4839409,9.885491525,6344,302.4853135,8.693846668
K04421.01,Candidate,4.72697256,0.0548,2MASS J19362997+4640224,9.885491525,6183,302.4853135,8.693846668
K04421.02,Candidate,6.5596176,0.0682,2MASS J19362997+4640224,9.885491525,6183,302.4853135,8.693846668
K04435.01,Candidate,10.8614955,0.0982,2MASS J18474936+4415415,9.885491525,6328,302.4853135,8.693846668
K04435.02,Candidate,17.8693759,0.1369,2MASS J18474936+4415415,9.885491525,6328,302.4853135,8.693846668
K04504.01,Candidate,4.13034253,0.048,2MASS J19251058+4154462,9.885491525,5487,302.4853135,8.693846668
K04504.02,Candidate,8.11935247,0.0754,2MASS J19251058+4154462,9.885491525,5487,302.4853135,8.693846668
K04526.01,Candidate,30.539288,0.1967,2MASS J19435254+3852018,9.885491525,6148,302.4853135,8.693846668
K04526.02,Candidate,11.8186611,0.1044,2MASS J19435254+3852018,9.885491525,6148,302.4853135,8.693846668
K04541.01,Candidate,8.52917865,0.0806,2MASS J18530028+4043231,9.885491525,5915,302.4853135,8.693846668
K04541.02,Candidate,17.2360532,0.1288,2MASS J18530028+4043231,9.885491525,5915,302.4853135,8.693846668
K04567.01,Candidate,14.7441194,0.1182,2MASS J20061507+4414254,9.885491525,6146,302.4853135,8.693846668
K04567.02,Candidate,4.6725405,0.0549,2MASS J20061507+4414254,9.885491525,6146,302.4853135,8.693846668
K04647.01,Candidate,37.9046277,0.2241,2MASS J19210223+4653064,9.885491525,5303,302.4853135,8.693846668
K04647.02,Candidate,12.0086886,0.1041,2MASS J19210223+4653064,9.885491525,5303,302.4853135,8.693846668
K04716.01,Candidate,5.89435231,0.0631,2MASS J19132276+4901189,9.885491525,6177,302.4853135,8.693846668
K04716.02,Candidate,12.26708306,16.13423714,2MASS J19132276+4901189,9.885491525,6177,302.4853135,8.693846668
K04782.01,Candidate,7.4213444,0.0758,2MASS J19514768+4515181,9.885491525,6032,302.4853135,8.693846668
K04782.02,Candidate,4.2925774,0.0527,2MASS J19514768+4515181,9.885491525,6032,302.4853135,8.693846668
K04838.01,Candidate,13.2971131,0.0947,2MASS J18570445+4411511,9.885491525,4349,302.4853135,8.693846668
K04838.02,Candidate,6.33355378,0.0578,2MASS J18570445+4411511,9.885491525,4349,302.4853135,8.693846668
K04871.01,Candidate,4.08194098,0.051,2MASS J19140696+4216345,9.885491525,6532,302.4853135,8.693846668
K04871.02,Candidate,5.522479,0.0624,2MASS J19140696+4216345,9.885491525,6532,302.4853135,8.693846668
K04895.01,Candidate,12.460222,0.1021,2MASS J19420358+5112134,9.885491525,5861,302.4853135,8.693846668
K04895.02,Candidate,47.5571352,0.2494,2MASS J19420358+5112134,9.885491525,5861,302.4853135,8.693846668
K04913.01,Candidate,6.78788803,0.0761,2MASS J18544291+4105487,9.885491525,6543,302.4853135,8.693846668
K04913.02,Candidate,8.97374036,0.0917,2MASS J18544291+4105487,9.885491525,6543,302.4853135,8.693846668
K06120.01,Candidate,90.096729,0.3994,2MASS J19214806+3951432,9.885491525,6123,302.4853135,8.693846668
K06120.02,Candidate,205.41415,0.6918,2MASS J19214806+3951432,9.885491525,6123,302.4853135,8.693846668
K06132.01,Candidate,33.3199167,0.2238,2MASS J19381389+4051018,9.885491525,6266,302.4853135,8.693846668
K06132.03,Candidate,11.8674823,0.1124,2MASS J19381389+4051018,9.885491525,6266,302.4853135,8.693846668
K06178.01,Candidate,13.0327791,0.1109,2MASS J19100762+4418288,9.885491525,6122,302.4853135,8.693846668
K06178.02,Candidate,33.814176,0.2095,2MASS J19100762+4418288,9.885491525,6122,302.4853135,8.693846668
K06182.01,Candidate,19.2401414,0.1283,2MASS J20033659+4436453,9.885491525,5243,302.4853135,8.693846668
K06182.02,Candidate,28.684308,0.1674,2MASS J20033659+4436453,9.885491525,5243,302.4853135,8.693846668
K06191.01,Candidate,9.7044192,0.0917,2MASS J19333677+4529377,9.885491525,6258,302.4853135,8.693846668
K06191.02,Candidate,12.7712843,0.1101,2MASS J19333677+4529377,9.885491525,6258,302.4853135,8.693846668
K06209.01,Candidate,12.71422376,0.1074,2MASS J19374656+4620095,9.885491525,5947,302.4853135,8.693846668
K06209.02,Candidate,7.72955243,0.0771,2MASS J19374656+4620095,9.885491525,5947,302.4853135,8.693846668
K06242.01,Candidate,212.4350367,16.13423714,2MASS J19160905+4942453,9.885491525,5688.237937,302.4853135,8.693846668
K06242.02,Candidate,76.83994597,16.13423714,2MASS J19160905+4942453,9.885491525,5688.237937,302.4853135,8.693846668
K06242.03,Candidate,78.86684,0.3908,2MASS J19160905+4942453,9.885491525,5688.237937,302.4853135,8.693846668
K06259.01,Candidate,4.78111626,0.0548,2MASS J19271509+3733211,9.885491525,5683,302.4853135,8.693846668
K06259.02,Candidate,7.1884725,0.072,2MASS J19271509+3733211,9.885491525,5683,302.4853135,8.693846668
K06355.01,Candidate,4.37198245,0.0515,2MASS J19274405+3849379,9.885491525,5823,302.4853135,8.693846668
K06355.02,Candidate,6.72876606,0.0686,2MASS J19274405+3849379,9.885491525,5823,302.4853135,8.693846668
K06516.01,Candidate,11.2901559,0.0849,2MASS J19192256+4015458,9.885491525,5025,302.4853135,8.693846668
K06516.02,Candidate,28.24753303,16.13423714,2MASS J19192256+4015458,9.885491525,5025,302.4853135,8.693846668
K07117.01,Candidate,8.2927558,0.0807,2MASS J19360188+4513577,9.885491525,6146,302.4853135,8.693846668
K07117.02,Candidate,22.786522,0.1584,2MASS J19360188+4513577,9.885491525,6146,302.4853135,8.693846668
K2-266 Af,Candidate,6.1002,0.05658,K2-266 A,9.885491525,4362,77.5586,0.571561954
K2-266 Ag,Candidate,56.682,0.2501,K2-266 A,9.885491525,4362,77.5586,0.571561954
K2-38 B,Candidate,3286.203561,265,K2-38,11.4,5705,192.69,0.874416519
K2-38 d,Candidate,753,16.13423714,K2-38,11.4,5705,192.69,0.874416519
Kepler-160 e,Candidate,29,16.13423714,Kepler-160,9.885491525,5471,962.92,88.10160173
Kepler-879 c,Candidate,0.646716,0.0147,Kepler-879,9.885491525,5644,802.672,61.21806764
KOI-1151.04,Candidate,17.4532952,0.1233,Kepler-271 A,13.58,5645.65,404.542,0.517520115
KOI-1151.05,Candidate,21.7202824,0.1427,Kepler-271 A,13.58,5645.65,404.542,0.517520115
KOI-1338.02,Candidate,42.0370662,0.2285,Kepler-822,9.885491525,5928,956,86.83987195
KOI-1338.03,Candidate,21.0112068,0.1439,Kepler-822,9.885491525,5928,956,86.83987195
KOI-1522.02,Candidate,12.654896,0.1,Kepler-879,9.885491525,5644,802.672,61.21806764
KOI-1574.03,Candidate,5.83392471,0.063,Kepler-87,15,5600,1277.88,1.396304527
KOI-1574.04,Candidate,8.9771991,0.0836,Kepler-87,15,5600,1277.88,1.396304527
KOI-1613.02,Candidate,94.093962,0.405,Kepler-907 A,9.885491525,6106,352,11.77304264
KOI-1613.03,Candidate,20.605501,0.1459,Kepler-907 A,9.885491525,6106,352,11.77304264
KOI-205.02,Candidate,4.8126,0.052,Kepler-492,9.885491525,5527,642,39.16277396
KOI-205 c,Candidate,4.8126,0.052,Kepler-492,9.885491525,5527,642,39.16277396
KOI-2433.04,Candidate,27.90426394,16.13423714,Kepler-385,9.885491525,6326,1493.94,212.0653438
KOI-2433.06,Candidate,6.0632531,16.13423714,Kepler-385,9.885491525,6326,1493.94,212.0653438
KOI-2433.07,Candidate,86.43086179,16.13423714,Kepler-385,9.885491525,6326,1493.94,212.0653438
KOI-2433.08,Candidate,3.37375965,16.13423714,Kepler-385,9.885491525,6326,1493.94,212.0653438
KOI-353.01,Candidate,152.1059397,0.6113,Kepler-1717,9.885491525,6591.89,1008.79,96.6952024
KOI-353.03,Candidate,11.1622285,0.1071,Kepler-1717,9.885491525,6591.89,1008.79,96.6952024
KOI-416.03,Candidate,9.74765878,0.0834,Kepler-152,14.41,5050,441.09,0.286453692
KOI-416.04,Candidate,31.5322987,0.182,Kepler-152,14.41,5050,441.09,0.286453692
KOI-4246.02,Candidate,8.75630628,0.0844,Kepler-1576,9.885491525,5674.51,460.91,20.18532059
KOI-4246.03,Candidate,5.55842,0.0614,Kepler-1576,9.885491525,5674.51,460.91,20.18532059
KOI-4302.01,Candidate,5.53312006,0.0622,KOI-4302,9.885491525,6065,978.703,91.013377
KOI-4302.02,Candidate,3.422508,0.0463,KOI-4302,9.885491525,6065,978.703,91.013377
KOI-4524.02,Candidate,4.5262415,0.0523,Kepler-1962,9.885491525,5766,866.826,71.39490966
KOI-4524.03,Candidate,3.33928642,0.0427,Kepler-1962,9.885491525,5766,866.826,71.39490966
KOI-456.04,Candidate,378.417,16.13423714,Kepler-160,9.885491525,5471,962.92,88.10160173
KOI-521.02,Candidate,10.8206034,0.0958,Kepler-1989 A,14.29,5953,1252.13,2.578094557
KOI-750.02,Candidate,5.04414507,0.0468,Kepler-662,9.885491525,4897,641,39.04086657
KOI-750.03,Candidate,14.5168147,0.0946,Kepler-662,9.885491525,4897,641,39.04086657
KOI-972.01,Candidate,13.11896676,0.1376,KOI-972,9.4,7800,227,7.656877771
KOI-972.02,Candidate,7.821931,0.0975,KOI-972,9.4,7800,227,7.656877771
LkCa 15 b,Candidate,40000,15.7,LkCa 15,12.03,4306.39,160,0.337473725
LkCa 15 c,Candidate,3286.203561,18.6,LkCa 15,12.03,4306.39,160,0.337473725
LkCa 15 d,Candidate,3286.203561,24.7,LkCa 15,12.03,4306.39,160,0.337473725
LoTr 5 Ab,Candidate,129.8,0.518,LoTr 5 A,8.88,5410,498.798,59.68282984
LoTr 5 Ac,Candidate,5.96675,0.0665,LoTr 5 A,8.88,5410,498.798,59.68282984
MWC 480 b,Candidate,3286.203561,78,MWC 480,7.62,8460,161.8,20.04273732
MWC 480 c,Candidate,3286.203561,245,MWC 480,7.62,8460,161.8,20.04273732
ome2 Sco b,Candidate,4405.192718,5.265,ome2 Sco,4.33,5313,91.9469,133.9905541
ome2 Sco c,Candidate,421.9248873,1.101,ome2 Sco,4.33,5313,91.9469,133.9905541
psi UMa b,Candidate,463.6,1.44,psi UMa,3.01,4537,45.02477,108.368486
psi UMa c,Candidate,19929.2,17.513,psi UMa,3.01,4537,45.02477,108.368486
RX J1604.3-2130 Ab,Candidate,3286.203561,41,RX J1604.3-2130 A,9.885491525,5688.237937,145.3,2.006017043
RX J1604.3-2130 Ac,Candidate,3286.203561,9.6,RX J1604.3-2130 A,9.885491525,5688.237937,145.3,2.006017043
Sand 178 c,Candidate,19.99,16.13423714,Sand 178,14,3520,58.8285,0.007433195
Sand 178 d,Candidate,3286.203561,16.13423714,Sand 178,14,3520,58.8285,0.007433195
Sand 178 e,Candidate,186.37,16.13423714,Sand 178,14,3520,58.8285,0.007433195
SAO 206462 b,Candidate,3286.203561,100,SAO 206462,8.7,5688.237937,302.4853135,25.90649065
SAO 206462 c,Candidate,3286.203561,300,SAO 206462,8.7,5688.237937,302.4853135,25.90649065
tau Cet b,Candidate,13.965,0.105,tau Cet,3.5,5344,3.65,0.453508811
tau Cet c,Candidate,35.362,0.195,tau Cet,3.5,5344,3.65,0.453508811
tau Cet d,Candidate,94.11,0.374,tau Cet,3.5,5344,3.65,0.453508811
tau Cet i,Candidate,3286.203561,11,tau Cet,3.5,5344,3.65,0.453508811
TOI-1438 b,Candidate,5.1396625,0.056,TOI-1438,9.885491525,5269,110.51,1.160396867
TOI-1438 c,Candidate,9.42807,0.084,TOI-1438,9.885491525,5269,110.51,1.160396867
TOI-193 b,Candidate,0.7921,16.13423714,TOI-193,9.885491525,5222,302.4853135,8.693846668
TOI-193 c,Candidate,1.516,16.13423714,TOI-193,9.885491525,5222,302.4853135,8.693846668
T Tau N b,Candidate,3286.203561,12,T Tau N,10.12,4580,143.7,1.58093326
TWA 7 b,Candidate,3286.203561,25,T Tau N,10.12,4580,143.7,1.58093326
TW Hya c,Candidate,3286.203561,80,TW Hya,11.1,4050,60,0.111764145
TW Hya d,Candidate,3286.203561,24,TW Hya,11.1,4050,60,0.111764145
TW Hya f,Candidate,3286.203561,94,TW Hya,11.1,4050,60,0.111764145
TW Hya g,Candidate,3.56,0.041,TW Hya,11.1,4050,60,0.111764145
